{
	"info": {
		"_postman_id": "f059cc01-aacf-40ee-b77f-a0912257f32f",
		"name": "Hometask_Dovzhyk_level_1_2",
		"schema": "https://schema.getpostman.com/json/collection/v2.1.0/collection.json",
		"_exporter_id": "26484141"
	},
	"item": [
		{
			"name": "Valid_Requests",
			"item": [
				{
					"name": "CREATE_NEW_USER",
					"event": [
						{
							"listen": "test",
							"script": {
								"exec": [
									"pm.test(\"Status code is 400\", function () {\r",
									"    pm.response.to.have.status(400);\r",
									"});\r",
									"pm.test(\"Response time is less than 200ms\", function () {\r",
									"    pm.expect(pm.response.responseTime).to.be.below(200);\r",
									"});\r",
									"\r",
									"pm.test(\"Body contains all required fields\",() => {\r",
									"  pm.expect(pm.response.text()).to.include(\"name\");\r",
									"  pm.expect(pm.response.text()).to.include(\"gender\");\r",
									"  pm.expect(pm.response.text()).to.include(\"age\");\r",
									"});\r",
									"\r",
									"const jsonData = pm.response.json();\r",
									"pm.test(\"Test data type of the response\", () => {\r",
									"  pm.expect(jsonData).to.be.an(\"object\");\r",
									"  pm.expect(jsonData.name).to.be.a(\"string\");\r",
									"  pm.expect(jsonData.age).to.be.a(\"number\");\r",
									"  pm.expect(jsonData.gender).to.be.a(\"string\");\r",
									"  });\r",
									"\r",
									"    pm.test(\"The gender takes one of two values\", () => {\r",
									"  const responseJson = pm.response.json();\r",
									"   pm.expect(responseJson.gender).to.be.oneOf([\"female\", \"male\"]);\r",
									"});"
								],
								"type": "text/javascript"
							}
						}
					],
					"request": {
						"method": "POST",
						"header": [],
						"body": {
							"mode": "raw",
							"raw": "{\"name\":\"Emma Kulyk\",\r\n\"age\": 26,\r\n\"gender\":\"female\",\r\n\"city\":{{K}}}",
							"options": {
								"raw": {
									"language": "json"
								}
							}
						},
						"url": {
							"raw": "{{url}}/users",
							"host": [
								"{{url}}"
							],
							"path": [
								"users"
							]
						}
					},
					"response": []
				},
				{
					"name": "UPDATE_USER",
					"event": [
						{
							"listen": "test",
							"script": {
								"exec": [
									"pm.test(\"Status code name has string\", function () {\r",
									"    pm.response.to.have.status(\"OK\");\r",
									"});\r",
									"\r",
									"const jsonData = pm.response.json();\r",
									"pm.test(\"Test data types of the response\", () => {\r",
									"  pm.expect(jsonData).to.be.an(\"object\");\r",
									"  pm.expect(jsonData.name).to.be.a(\"string\");\r",
									"  pm.expect(jsonData.age).to.be.a(\"number\");\r",
									"  pm.expect(jsonData.gender).to.be.a(\"string\");\r",
									"  });\r",
									"\r",
									"pm.test(\"Response matches the user's id \", function () {\r",
									"  pm.expect(pm.response.json().id).to.eql(pm.collectionVariables.get(\"id\"));\r",
									"});\r",
									"\r",
									"  pm.test(\"The gender takes one of two values\", () => {\r",
									"  const responseJson = pm.response.json();\r",
									"   pm.expect(responseJson.gender).to.be.oneOf([\"female\", \"male\"]);\r",
									"});\r",
									""
								],
								"type": "text/javascript"
							}
						}
					],
					"request": {
						"method": "PATCH",
						"header": [],
						"body": {
							"mode": "raw",
							"raw": "{   \"age\": 26,\r\n    \"city\": \"Lutsk\",\r\n    \"gender\": \"female\",\r\n    \"name\": \"Anna Zhuk\",\r\n    \"id\":\"{{id}}\"\r\n    }",
							"options": {
								"raw": {
									"language": "json"
								}
							}
						},
						"url": {
							"raw": "{{url}}/users",
							"host": [
								"{{url}}"
							],
							"path": [
								"users"
							]
						}
					},
					"response": []
				},
				{
					"name": "GET_USER",
					"event": [
						{
							"listen": "test",
							"script": {
								"exec": [
									"pm.test(\"Status code is 200\", function () {\r",
									"    pm.response.to.have.status(200);\r",
									"});\r",
									"\r",
									"pm.test(\"Body contains all required fields\",() => {\r",
									"  pm.expect(pm.response.text()).to.include(\"name\");\r",
									"  pm.expect(pm.response.text()).to.include(\"gender\");\r",
									"  pm.expect(pm.response.text()).to.include(\"age\");\r",
									"});\r",
									"\r",
									"pm.test(\"Response matches the user's id \", function () {\r",
									"  pm.expect(pm.response.json().id).to.eql(pm.collectionVariables.get(\"id\"));\r",
									"});\r",
									"\r",
									"pm.test(\"Gender is female or male\", () => {\r",
									"  const responseJson = pm.response.json();\r",
									"  pm.expect(responseJson.gender).to.be.oneOf([\"female\", \"male\"]);\r",
									"});\r",
									"\r",
									"const jsonData = pm.response.json();\r",
									"pm.test(\"Test data type of the response\", () => {\r",
									"  pm.expect(jsonData).to.be.an(\"object\");\r",
									"  pm.expect(jsonData.name).to.be.a(\"string\");\r",
									"  pm.expect(jsonData.age).to.be.a(\"number\");\r",
									"  pm.expect(jsonData.gender).to.be.a(\"string\");\r",
									"  });"
								],
								"type": "text/javascript"
							}
						}
					],
					"request": {
						"method": "GET",
						"header": [],
						"url": {
							"raw": "{{url}}/users?id=\"{{id}}\"",
							"host": [
								"{{url}}"
							],
							"path": [
								"users"
							],
							"query": [
								{
									"key": "id",
									"value": "\"{{id}}\""
								}
							]
						}
					},
					"response": []
				},
				{
					"name": "DELETE _USER",
					"event": [
						{
							"listen": "test",
							"script": {
								"exec": [
									"pm.test(\"Status code is 200\", function () {\r",
									"    pm.response.to.have.status(200);\r",
									"});\r",
									"pm.test(\"Response time is less than 500ms\", function () {\r",
									"    pm.expect(pm.response.responseTime).to.be.below(500);\r",
									"});\r",
									""
								],
								"type": "text/javascript"
							}
						}
					],
					"request": {
						"method": "DELETE",
						"header": [],
						"url": {
							"raw": "{{url}}/users?id=\"{{id2}}\"",
							"host": [
								"{{url}}"
							],
							"path": [
								"users"
							],
							"query": [
								{
									"key": "id",
									"value": "\"{{id2}}\""
								}
							]
						}
					},
					"response": []
				}
			]
		},
		{
			"name": "Invalid_Requests",
			"item": [
				{
					"name": "INVALID_CREATE_NEW_USER",
					"event": [
						{
							"listen": "test",
							"script": {
								"exec": [
									"pm.test(\"Status code is 400\", function () {\r",
									"    pm.response.to.have.status(400);\r",
									"});\r",
									"pm.test(\"Response time is less than 200ms\", function () {\r",
									"    pm.expect(pm.response.responseTime).to.be.below(200);\r",
									"});\r",
									"\r",
									"pm.test(\"Body contains all required fields\",() => {\r",
									"  pm.expect(pm.response.text()).to.include(\"name\");\r",
									"  pm.expect(pm.response.text()).to.include(\"gender\");\r",
									"  pm.expect(pm.response.text()).to.include(\"age\");\r",
									"});\r",
									"\r",
									"const jsonData = pm.response.json();\r",
									"pm.test(\"Test data type of the response\", () => {\r",
									"  pm.expect(jsonData).to.be.an(\"object\");\r",
									"  pm.expect(jsonData.name).to.be.a(\"string\");\r",
									"  pm.expect(jsonData.age).to.be.a(\"number\");\r",
									"  pm.expect(jsonData.gender).to.be.a(\"string\");\r",
									"  });\r",
									"\r",
									"    pm.test(\"The gender takes one of two values\", () => {\r",
									"  const responseJson = pm.response.json();\r",
									"   pm.expect(responseJson.gender).to.be.oneOf([\"female\", \"male\"]);\r",
									"});"
								],
								"type": "text/javascript"
							}
						}
					],
					"request": {
						"method": "POST",
						"header": [],
						"body": {
							"mode": "raw",
							"raw": "{\"name\":\"Lisa Kulyk\",\r\n\"age\": 15,\r\n\"gender\":\"woman\",\r\n\"city\":{{R}}}\r\n",
							"options": {
								"raw": {
									"language": "json"
								}
							}
						},
						"url": {
							"raw": "{{url}}/users",
							"host": [
								"{{url}}"
							],
							"path": [
								"users"
							]
						}
					},
					"response": []
				},
				{
					"name": "INVALID_GET_USER",
					"event": [
						{
							"listen": "test",
							"script": {
								"exec": [
									"pm.test(\"Status code is 400\", function () {\r",
									"    pm.response.to.have.status(400);\r",
									"});\r",
									"\r",
									"pm.test(\"Body contains all required fields\",() => {\r",
									"  pm.expect(pm.response.text()).to.include(\"name\");\r",
									"  pm.expect(pm.response.text()).to.include(\"gender\");\r",
									"  pm.expect(pm.response.text()).to.include(\"age\");\r",
									"});\r",
									"\r",
									"pm.test(\"Response matches the user's id \", function () {\r",
									"  pm.expect(pm.response.json().id).to.eql(pm.collectionVariables.get(\"id\"));\r",
									"});\r",
									"\r",
									"pm.test(\"Gender is female or male\", () => {\r",
									"  const responseJson = pm.response.json();\r",
									"  pm.expect(responseJson.gender).to.be.oneOf([\"female\", \"male\"]);\r",
									"});\r",
									"\r",
									"const jsonData = pm.response.json();\r",
									"pm.test(\"Test data type of the response\", () => {\r",
									"  pm.expect(jsonData).to.be.an(\"object\");\r",
									"  pm.expect(jsonData.name).to.be.a(\"string\");\r",
									"  pm.expect(jsonData.age).to.be.a(\"number\");\r",
									"  pm.expect(jsonData.gender).to.be.a(\"string\");\r",
									"  });"
								],
								"type": "text/javascript"
							}
						}
					],
					"protocolProfileBehavior": {
						"disableBodyPruning": true
					},
					"request": {
						"method": "GET",
						"header": [],
						"body": {
							"mode": "raw",
							"raw": "",
							"options": {
								"raw": {
									"language": "json"
								}
							}
						},
						"url": {
							"raw": "{{url}}/users?id=qqq",
							"host": [
								"{{url}}"
							],
							"path": [
								"users"
							],
							"query": [
								{
									"key": "id",
									"value": "qqq"
								}
							]
						}
					},
					"response": []
				},
				{
					"name": "INVALID_UPDATE_USER",
					"event": [
						{
							"listen": "test",
							"script": {
								"exec": [
									"const jsonData = pm.response.json();\r",
									"pm.test(\"Test data type of the response\", () => {\r",
									"  pm.expect(jsonData).to.be.an(\"object\");\r",
									"  pm.expect(jsonData.name).to.be.a(\"string\");\r",
									"  pm.expect(jsonData.age).to.be.a(\"number\");\r",
									"  pm.expect(jsonData.gender).to.be.a(\"string\");\r",
									"  });\r",
									"\r",
									"pm.test(\"Response matches the user's id \", function () {\r",
									"  pm.expect(pm.response.json().id).to.eql(pm.collectionVariables.get(\"id3\"));\r",
									"});\r",
									"\r",
									"  pm.test(\"The gender takes one of two values\", () => {\r",
									"  const responseJson = pm.response.json();\r",
									"   pm.expect(responseJson.gender).to.be.oneOf([\"female\", \"male\"]);\r",
									"});"
								],
								"type": "text/javascript"
							}
						}
					],
					"request": {
						"method": "PATCH",
						"header": [],
						"body": {
							"mode": "raw",
							"raw": "{\r\n    \"age\": 15,\r\n    \"city\": \"Rivne\",\r\n    \"gender\": \"dr\",\r\n    \"name\": \"Stefania Olkhovets\",\r\n    \"id\": \"{{id3}}\"\r\n}",
							"options": {
								"raw": {
									"language": "json"
								}
							}
						},
						"url": {
							"raw": "{{url}}/users",
							"host": [
								"{{url}}"
							],
							"path": [
								"users"
							]
						}
					},
					"response": []
				},
				{
					"name": "INVALID_DELETE_USER",
					"event": [
						{
							"listen": "test",
							"script": {
								"exec": [
									"pm.test(\"Status code is 400\", function () {\r",
									"    pm.response.to.have.status(400);\r",
									"});\r",
									"pm.test(\"Response time is less than 200ms\", function () {\r",
									"    pm.expect(pm.response.responseTime).to.be.below(200);\r",
									"});\r",
									""
								],
								"type": "text/javascript"
							}
						}
					],
					"request": {
						"method": "DELETE",
						"header": [],
						"url": {
							"raw": "{{url}}/users?id=qqq",
							"host": [
								"{{url}}"
							],
							"path": [
								"users"
							],
							"query": [
								{
									"key": "id",
									"value": "qqq"
								}
							]
						}
					},
					"response": []
				}
			]
		}
	],
	"event": [
		{
			"listen": "prerequest",
			"script": {
				"type": "text/javascript",
				"exec": [
					""
				]
			}
		},
		{
			"listen": "test",
			"script": {
				"type": "text/javascript",
				"exec": [
					""
				]
			}
		}
	],
	"variable": [
		{
			"key": "id",
			"value": "5df6e0b9-7b54-44d1-b191-cf671159bf51",
			"type": "string"
		},
		{
			"key": "id2",
			"value": "37c865e9-abe6-4f62-ba32-76eb1e9ee1f1",
			"type": "string"
		},
		{
			"key": "id3",
			"value": "c0892171-1dcf-44e1-9f19-09febabed117"
		},
		{
			"key": "id4",
			"value": "a403559e-5488-465f-9242-42d35add3d6d"
		}
	]
}