{
	"info": {
		"_postman_id": "4f0b063b-ab84-47fc-9833-c0e36766bf83",
		"name": "Hometask_Dovzhyk_level3",
		"schema": "https://schema.getpostman.com/json/collection/v2.1.0/collection.json",
		"_exporter_id": "26484141"
	},
	"item": [
		{
			"name": "CREATE_NEW_USER3",
			"event": [
				{
					"listen": "test",
					"script": {
						"exec": [
							"pm.test(\"Status code is 200\", function () {\r",
							"    pm.response.to.have.status(200);\r",
							"});\r",
							"\r",
							"\r",
							"pm.test(\"Body contains all required fields\",() => {\r",
							"  pm.expect(pm.response.text()).to.include(\"name\");\r",
							"  pm.expect(pm.response.text()).to.include(\"gender\");\r",
							"  pm.expect(pm.response.text()).to.include(\"age\");\r",
							"});\r",
							"\r",
							"const jsonData = pm.response.json();\r",
							"pm.test(\"Test data type of the response\", () => {\r",
							"  pm.expect(jsonData).to.be.an(\"object\");\r",
							"  pm.expect(jsonData.name).to.be.a(\"string\");\r",
							"  pm.expect(jsonData.age).to.be.a(\"number\");\r",
							"  pm.expect(jsonData.gender).to.be.a(\"string\");\r",
							"  });\r",
							"\r",
							"    pm.test(\"The gender takes one of two values\", () => {\r",
							"  const responseJson = pm.response.json();\r",
							"   pm.expect(responseJson.gender).to.be.oneOf([\"female\", \"male\"]);\r",
							"});\r",
							"\r",
							"var jsonData1 = JSON.parse(responseBody);\r",
							"postman.setEnvironmentVariable(\"newId\", jsonData1.id);"
						],
						"type": "text/javascript"
					}
				}
			],
			"request": {
				"method": "POST",
				"header": [],
				"body": {
					"mode": "raw",
					"raw": "{\"name\":\"Makar Petrov\",\r\n\"age\": 36,\r\n\"gender\":\"male\",\r\n\"city\": {{R}}\r\n}",
					"options": {
						"raw": {
							"language": "json"
						}
					}
				},
				"url": {
					"raw": "{{url}}/users",
					"host": [
						"{{url}}"
					],
					"path": [
						"users"
					]
				}
			},
			"response": []
		},
		{
			"name": "UPDATE_USER3",
			"event": [
				{
					"listen": "test",
					"script": {
						"exec": [
							"pm.test(\"Status code name has string\", function () {\r",
							"    pm.response.to.have.status(\"OK\");\r",
							"});\r",
							"\r",
							"const jsonData = pm.response.json();\r",
							"pm.test(\"Test data type of the response\", () => {\r",
							"  pm.expect(jsonData).to.be.an(\"object\");\r",
							"  pm.expect(jsonData.name).to.be.a(\"string\");\r",
							"  pm.expect(jsonData.age).to.be.a(\"number\");\r",
							"  pm.expect(jsonData.gender).to.be.a(\"string\");\r",
							"  });\r",
							"\r",
							"  pm.test(\"The gender takes one of two values\", () => {\r",
							"  const responseJson = pm.response.json();\r",
							"   pm.expect(responseJson.gender).to.be.oneOf([\"female\", \"male\"]);\r",
							"});\r",
							""
						],
						"type": "text/javascript"
					}
				}
			],
			"request": {
				"method": "PATCH",
				"header": [],
				"body": {
					"mode": "raw",
					"raw": "{\"name\":\"Makar Petrov\",\r\n\"age\": 36,\r\n\"gender\":\"male\",\r\n\"city\": {{K}},\r\n\"id\":\"{{newId}}\"\r\n}",
					"options": {
						"raw": {
							"language": "json"
						}
					}
				},
				"url": {
					"raw": "{{url}}/users",
					"host": [
						"{{url}}"
					],
					"path": [
						"users"
					]
				}
			},
			"response": []
		},
		{
			"name": "GET_USER3",
			"event": [
				{
					"listen": "test",
					"script": {
						"exec": [
							"pm.test(\"Status code is 200\", function () {\r",
							"    pm.response.to.have.status(200);\r",
							"});\r",
							"\r",
							"pm.test(\"Body contains all required fields\",() => {\r",
							"  pm.expect(pm.response.text()).to.include(\"name\");\r",
							"  pm.expect(pm.response.text()).to.include(\"gender\");\r",
							"  pm.expect(pm.response.text()).to.include(\"age\");\r",
							"});\r",
							"\r",
							"pm.test(\"Gender is female or male\", () => {\r",
							"  const responseJson = pm.response.json();\r",
							"  pm.expect(responseJson.gender).to.be.oneOf([\"female\", \"male\"]);\r",
							"});\r",
							"\r",
							"const jsonData = pm.response.json();\r",
							"pm.test(\"Test data type of the response\", () => {\r",
							"  pm.expect(jsonData).to.be.an(\"object\");\r",
							"  pm.expect(jsonData.name).to.be.a(\"string\");\r",
							"  pm.expect(jsonData.age).to.be.a(\"number\");\r",
							"  pm.expect(jsonData.gender).to.be.a(\"string\");\r",
							"  });"
						],
						"type": "text/javascript"
					}
				}
			],
			"request": {
				"method": "GET",
				"header": [],
				"url": {
					"raw": "{{url}}/users?id=\"{{newId}}\"",
					"host": [
						"{{url}}"
					],
					"path": [
						"users"
					],
					"query": [
						{
							"key": "id",
							"value": "\"{{newId}}\""
						}
					]
				}
			},
			"response": []
		},
		{
			"name": "DELETE_USER3",
			"event": [
				{
					"listen": "test",
					"script": {
						"exec": [
							"pm.test(\"Status code is 200\", function () {\r",
							"    pm.response.to.have.status(200);\r",
							"});\r",
							"pm.test(\"Response time is less than 5000ms\", function () {\r",
							"    pm.expect(pm.response.responseTime).to.be.below(5000);\r",
							"});\r",
							""
						],
						"type": "text/javascript"
					}
				}
			],
			"request": {
				"method": "DELETE",
				"header": [],
				"url": {
					"raw": "{{url}}/users?id=\"{{newId}}\"",
					"host": [
						"{{url}}"
					],
					"path": [
						"users"
					],
					"query": [
						{
							"key": "id",
							"value": "\"{{newId}}\""
						}
					]
				}
			},
			"response": []
		}
	]
}